INSTANCE_DATE,TRANS_VALUE,ACTUAL_AREA,calculated_ppsqm,AREA_EN,PROP_SB_TYPE_EN,ROOMS_EN,PROJECT_EN,PROCEDURE_EN,IS_FREE_HOLD_EN
2026-05-22,100000000.0,45.29,2207992.93442261,SILICON OASIS,Flat,Studio,Selicon Star 2,Development Registration,Non Free Hold
2026-01-13,38267700.0,57.01,671245.3955446413,DUBAI INVESTMENT PARK FIRST,Shop,,,Development Registration,Non Free Hold
2026-01-13,13500000.0,82.18,164273.5458749087,DUBAI INVESTMENT PARK FIRST,Shop,,,Development Registration,Non Free Hold
2026-03-06,38000000.0,316.89,119915.4280665215,PALM JUMEIRAH,Flat,3 B/R,"THE ROYAL ATLANTIS,RESORT AND RESIDENCES",Sale,Free Hold
2026-01-02,33500000.0,283.1,118332.74461321087,PALM JUMEIRAH,Flat,3 B/R,ONE AT PALM JUMEIRAH,Sale,Free Hold
2026-05-19,21000000.0,180.02,116653.7051438729,JUMEIRA BAY,Flat,2 B/R,BV RESIDENCES,Sale,Free Hold
2026-01-09,65000000.0,579.54,112157.91834903545,PALM JUMEIRAH,Flat,5 B/R,"THE ROYAL ATLANTIS,RESORT AND RESIDENCES",Sale,Free Hold
2026-04-17,890000.0,8.11,109741.06041923552,DUBAI MARINA,Hotel Rooms,Studio,Ciel,Delayed Sell,Free Hold
2026-01-13,63500000.0,579.63,109552.64565326157,PALM JUMEIRAH,Flat,5 B/R,"THE ROYAL ATLANTIS,RESORT AND RESIDENCES",Sale,Free Hold
2026-05-18,925000.0,8.51,108695.65217391304,DUBAI MARINA,Hotel Rooms,Studio,Ciel,Delayed Sell,Free Hold
2026-04-29,840000.0,7.78,107969.15167095115,DUBAI MARINA,Hotel Rooms,Studio,Ciel,Delayed Sell,Free Hold
2026-04-17,890000.0,8.51,104582.8437132785,DUBAI MARINA,Hotel Rooms,Studio,Ciel,Delayed Sell,Free Hold
2026-04-29,799678.0,7.67,104260.49543676662,DUBAI MARINA,Hotel Rooms,Studio,Ciel,Delayed Sell,Free Hold
2026-04-16,799000.0,7.7,103766.23376623377,DUBAI MARINA,Hotel Rooms,Studio,Ciel,Delayed Sell,Free Hold
2026-05-05,868325.0,8.37,103742.53285543609,DUBAI MARINA,Hotel Rooms,Studio,Ciel,Delayed Sell,Free Hold
2026-03-30,90000000.0,874.66,102897.12574028767,BLUEWATERS,Flat,5 B/R,Bluewaters Residences,Sale,Free Hold
2026-01-16,20000000.0,194.84,102648.32683227264,BLUEWATERS,Flat,3 B/R,Bluewaters Residences,Sale,Free Hold
2026-04-27,799000.0,7.84,101913.26530612246,DUBAI MARINA,Hotel Rooms,Studio,Ciel,Delayed Sell,Free Hold
2026-04-27,880000.0,8.69,101265.82278481014,DUBAI MARINA,Hotel Rooms,Studio,Ciel,Delayed Sell,Free Hold
2026-04-10,762350.0,7.58,100573.87862796834,DUBAI MARINA,Hotel Rooms,Studio,Ciel,Delayed Sell,Free Hold
2026-05-21,835650.0,8.32,100438.70192307692,DUBAI MARINA,Hotel Rooms,Studio,Ciel,Delayed Sell,Free Hold
