AREA_EN,transaction_count,total_value,median_value,median_ppsqm
PALM JUMEIRAH,46,991949576.1,16666250.0,47063.779028891775
BURJ KHALIFA,49,885159724.0,15750000.0,58248.59314838582
BUSINESS BAY,38,661515003.0,15000000.0,44670.20874037553
BLUEWATERS,19,334340000.0,13000000.0,71333.03611234952
JUMEIRAH BEACH RESIDENCE,12,183517716.0,14050000.0,56038.24531874302
DUBAI WATER CANAL,7,146133251.6,13733251.6,63011.208724628894
MOTOR CITY,3,115000000.0,23000000.0,15529.638314723652
SILICON OASIS,1,100000000.0,100000000.0,2207992.93442261
JUMEIRAH LAKES TOWERS,7,99728149.0,13100000.0,40903.21330775105
CITY WALK,5,99499062.0,24000000.0,38034.36466836361
Marsa Dubai,6,97553022.0,17076511.0,52495.38402794383
Zaabeel First,6,85100000.0,12550000.0,64063.289418753964
TECOM SITE A,5,78234085.0,17550000.0,39229.27330844715
BARSHA HEIGHTS,3,70011378.0,23186668.0,24757.004815443586
JUMEIRA BAY,2,59300000.0,29650000.0,103370.83808259177
DUBAI HARBOUR,4,58850000.0,12275000.0,52149.73768888798
DUBAI INVESTMENT PARK FIRST,2,51767700.0,25883850.0,417759.470709775
DUBAI MARINA,4,48350000.0,12050000.0,31402.127997431202
Mirdif,2,42033750.0,21016875.0,20182.335603987965
JUMEIRAH LIVING,3,37371000.0,12622500.0,41884.876958964414
DUBAI CREEK HARBOUR,3,32000000.0,10000000.0,32128.5140562249
JUMEIRAH VILLAGE CIRCLE,2,31264102.32,15632051.16,30213.012239774715
Jumeirah First,2,27800000.0,13900000.0,47528.93423963422
SOBHA HEARTLAND,1,22500000.0,22500000.0,26706.54844567888
THE LAKES,2,22100000.0,11050000.0,37137.79748467669
Um Suqaim Third,2,20920000.0,10460000.0,44000.590701687914
DUBAI LAND RESIDENCE COMPLEX,1,17129996.0,17129996.0,26306.892315252782
Trade Center First,1,13000000.0,13000000.0,59646.70796054141
JADDAF WATERFRONT,1,12800000.0,12800000.0,26146.995138293092
THE GREENS,1,11000000.0,11000000.0,32962.75209013814
LA MER,1,10125000.0,10125000.0,53554.427165979054
MEYDAN ONE,1,10049123.66,10049123.66,58588.640741604475
