feature,importance
categorical__ROOMS_EN_Studio,0.040970422
numerical__ACTUAL_AREA,0.034058556
categorical__PROJECT_EN_MADINA TOWER,0.02137965
categorical__ROOMS_EN_4 B/R,0.02136271
categorical__ROOMS_EN_3 B/R,0.018565819
numerical__historical_area_ppsqm,0.016568273
categorical__AREA_EN_INTERNATIONAL CITY PH 1,0.014438907
categorical__PROP_SB_TYPE_EN_Office,0.013579628
categorical__PROJECT_EN_REVA RESIDENCES,0.012917236
categorical__NEAREST_METRO_EN_Marina Mall Metro Station,0.0117382575
categorical__AREA_EN_Al Barsha First,0.011181913
categorical__ROOMS_EN_1 B/R,0.010470146
categorical__AREA_EN_SOBHA HEARTLAND,0.009890949
categorical__ROOMS_EN_2 B/R,0.0090749115
categorical__NEAREST_MALL_EN_Dubai Mall,0.008553727
categorical__PROJECT_EN_PARK LANE TOWER,0.008518598
categorical__NEAREST_LANDMARK_EN_Burj Al Arab,0.008362331
numerical__historical_project_ppsqm,0.007935459
categorical__AREA_EN_JUMEIRAH GOLF,0.0076379864
categorical__PROJECT_EN_TAMANI ARTS OFFICES,0.007494112
categorical__PROJECT_EN_PALM VIEWS - EAST,0.0073814844
categorical__PROJECT_EN_Collective,0.00735957
categorical__PROJECT_EN_LAYA HEIGHTS,0.0073091188
categorical__NEAREST_METRO_EN_Buj Khalifa Dubai Mall Metro Station,0.006696136
categorical__PROP_SB_TYPE_EN_Shop,0.0065741795
categorical__AREA_EN_DUBAI HILLS,0.0065529025
categorical__NEAREST_METRO_EN_Jumeirah Beach Resdency,0.006430596
categorical__PROJECT_EN_MIDTOWN - AFNAN,0.0059743384
categorical__PROJECT_EN_Park Point,0.0058840616
categorical__AREA_EN_DUBAI INVESTMENT PARK FIRST,0.0056906
categorical__PROJECT_EN_Bloom Towers,0.0055911033
categorical__PROJECT_EN_SABA TOWER 2,0.0055189067
categorical__AREA_EN_MOTOR CITY,0.005367651
categorical__PROJECT_EN_SKY BAY HOTEL,0.0053508407
categorical__ROOMS_EN_Unknown,0.005339424
categorical__PROJECT_EN_AL Andalus Phase 2,0.0053281095
categorical__NEAREST_METRO_EN_Creek Metro Station,0.0051636775
categorical__PROJECT_EN_Azizi Mina,0.0050966963
categorical__PROP_SB_TYPE_EN_Hotel Rooms,0.0050636325
categorical__NEAREST_METRO_EN_Dubai Marina,0.005062396
categorical__AREA_EN_JUMEIRAH LAKES TOWERS,0.0048657535
categorical__PROJECT_EN_Sobha Creek Vistas,0.004863744
categorical__PROJECT_EN_MIDTOWN - NOOR,0.0048038145
categorical__PROJECT_EN_29 BOULEVARD,0.0047609797
categorical__PROJECT_EN_SABA TOWER 3,0.004760419
categorical__PROP_SB_TYPE_EN_Flat,0.0046056565
categorical__PROP_SB_TYPE_EN_Hotel Apartment,0.0045939754
categorical__NEAREST_LANDMARK_EN_Burj Khalifa,0.004413927
categorical__NEAREST_METRO_EN_Ibn Battuta Metro Station,0.004239399
categorical__NEAREST_LANDMARK_EN_Downtown Dubai,0.004202333
categorical__PROJECT_EN_HAMENI,0.00418452
categorical__NEAREST_MALL_EN_Unknown,0.0041275695
categorical__NEAREST_METRO_EN_Dubai Internet City,0.00412024
categorical__PROJECT_EN_Five at Jumeirah Village Circle Dubai,0.0041134325
categorical__AREA_EN_Jabal Ali First,0.004111165
categorical__ROOMS_EN_5 B/R,0.0040277913
categorical__PROJECT_EN_ALANDALUS,0.0039689653
categorical__PROJECT_EN_THE POLO RESIDENCE,0.003887375
categorical__AREA_EN_PALM JUMEIRAH,0.003843734
categorical__PROCEDURE_EN_Development Registration,0.0038057985
categorical__PROJECT_EN_MAG 5 BOULEVARD,0.0037824987
categorical__PROJECT_EN_CREEK EDGE,0.0037672732
categorical__NEAREST_METRO_EN_Palm Jumeirah,0.0037319097
categorical__PROJECT_EN_CAPITAL BAY B,0.0037204325
categorical__PROJECT_EN_Oxford Residence,0.0036747535
categorical__NEAREST_METRO_EN_Unknown,0.0036635112
categorical__AREA_EN_BURJ KHALIFA,0.0036272707
categorical__PROJECT_EN_Sobha Creek vistas Reserve,0.0036118855
categorical__AREA_EN_MEYDAN AVENUE,0.003611095
numerical__historical_market_ppsqm,0.003601062
categorical__AREA_EN_DUBAI MARINA,0.003514592
categorical__PROJECT_EN_Hyati Avenue,0.0034663677
numerical__transaction_day_of_year,0.0034361018
categorical__PROJECT_EN_PARK HEIGHTS II,0.0034062464
categorical__ROOMS_EN_Office,0.003357072
categorical__PROJECT_EN_Unknown,0.0032775283
categorical__PROJECT_EN_Collective 2.0,0.0032016118
categorical__PROCEDURE_EN_Sale,0.0031934555
categorical__NEAREST_MALL_EN_Marina Mall,0.003155227
categorical__PROJECT_EN_SIGNATURE LIVINGS,0.003137942
categorical__AREA_EN_MEYDAN ONE,0.0031331007
categorical__PROJECT_EN_UPSIDE Living,0.0031227453
categorical__NEAREST_METRO_EN_Business Bay Metro Station,0.003081067
categorical__PROJECT_EN_DD BOULEVARD CENTRAL,0.0030486383
numerical__historical_property_type_ppsqm,0.0030325495
categorical__PROJECT_EN_Oxford 212,0.003016369
categorical__PROJECT_EN_PALM VIEWS - WEST,0.0030134
categorical__PROJECT_EN_15 Northside,0.0030039328
categorical__AREA_EN_BLUEWATERS,0.0029821037
categorical__PROJECT_EN_PRINCESS TOWER,0.0029764166
categorical__AREA_EN_JUMEIRAH VILLAGE CIRCLE,0.0029670403
categorical__PROJECT_EN_SANDOVAL GARDENS,0.0029274353
categorical__IS_FREE_HOLD_EN_Non Free Hold,0.002836037
categorical__PROJECT_EN_THE PALM TOWER,0.0028342952
categorical__AREA_EN_DUBAI HARBOUR,0.0027839856
categorical__NEAREST_METRO_EN_Rashidiya Metro Station,0.0027477965
categorical__AREA_EN_JUMEIRAH LIVING,0.0027002085
categorical__NEAREST_METRO_EN_Jumeirah Beach Residency,0.0026824998
categorical__AREA_EN_DUBAI SOUTH,0.0026665255
categorical__NEAREST_METRO_EN_First Abu Dhabi Bank Metro Station,0.002653125
categorical__AREA_EN_DUBAI STUDIO CITY,0.0026020214
categorical__PROJECT_EN_PARK RIDGE,0.0025679606
categorical__PROJECT_EN_Bluewaters Residences,0.0025665378
categorical__PROJECT_EN_THE APRICOT,0.0024856566
categorical__NEAREST_METRO_EN_Sharaf Dg Metro Station,0.002469188
categorical__NEAREST_METRO_EN_Harbour Tower,0.0024686276
categorical__PROJECT_EN_WEST AVENUE,0.0024565724
categorical__PROJECT_EN_Binghatti Royale,0.002450402
categorical__NEAREST_METRO_EN_Marina Towers,0.0024464657
categorical__PROJECT_EN_U-BORA TOWERS,0.0024375266
categorical__AREA_EN_DUBAI HEALTHCARE CITY - PHASE 2,0.0024316066
categorical__PROJECT_EN_PARK ISLANDS,0.0023699806
categorical__PROJECT_EN_PRIVE BY DAMAC,0.0023624469
categorical__PROJECT_EN_EATON PLACE,0.0023427901
categorical__PROJECT_EN_DT 1,0.0023370362
categorical__NEAREST_METRO_EN_Jumeirah Lakes Towers,0.0023217653
categorical__NEAREST_METRO_EN_Nakheel Metro Station,0.0022891609
categorical__AREA_EN_MBR DISTRICT 1,0.002279631
categorical__PROJECT_EN_BURJ VIEWS,0.002254544
categorical__PROJECT_EN_Sobha Hartland Waves,0.002250161
categorical__AREA_EN_THE GREENS,0.0022329963
categorical__NEAREST_MALL_EN_Mall of the Emirates,0.0022031537
categorical__NEAREST_METRO_EN_Mina Seyahi,0.0021919908
categorical__AREA_EN_SILICON OASIS,0.0021908975
categorical__NEAREST_METRO_EN_DANUBE Metro Station,0.0021834988
categorical__PROJECT_EN_DAMAC HILLS - GOLF VITA,0.00217871
categorical__PROJECT_EN_B2B TOWER,0.0021620868
categorical__PROJECT_EN_Resortz Residence,0.0021077683
categorical__AREA_EN_BUSINESS BAY,0.0020979347
categorical__PROJECT_EN_SKY VIEW TOWER,0.0020930073
categorical__PROCEDURE_EN_Sell Development,0.0020877672
categorical__PROJECT_EN_CHAIMAA PREMIERE,0.002069378
categorical__PROJECT_EN_Madinat Jumeriah Living - Phase 2,0.0020556655
categorical__NEAREST_LANDMARK_EN_Dubai Cycling Course,0.0020551037
categorical__NEAREST_MALL_EN_City Centre Mirdif,0.002052705
categorical__NEAREST_LANDMARK_EN_Sports City Swimming Academy,0.0020520804
categorical__PROJECT_EN_THE VYBE,0.0020376106
categorical__AREA_EN_AL BARARI,0.0019901774
categorical__PROJECT_EN_REEF RESIDENCE,0.0019720786
categorical__PROJECT_EN_LIV MARINA,0.0019687538
categorical__PROJECT_EN_THE ONE HOTEL,0.0019655619
categorical__PROJECT_EN_Sobha Hartland Greens - Phase III,0.0019548188
categorical__PROJECT_EN_AMAL TOWER,0.0019519345
categorical__PROJECT_EN_MON REVE,0.0019075315
categorical__PROCEDURE_EN_Delayed Sell,0.0018990344
"categorical__PROJECT_EN_Mohammed Bin Rashid Al Maktoum City , District One Phase III  , Residences 13",0.0018386787
categorical__PROJECT_EN_Imperial  Avenue,0.0018221893
categorical__NEAREST_LANDMARK_EN_IMG World Adventures,0.0018122827
categorical__AREA_EN_BARSHA HEIGHTS,0.0017961625
categorical__IS_FREE_HOLD_EN_Free Hold,0.0017921381
categorical__PROCEDURE_EN_Sale On Payment Plan,0.0017771953
categorical__NEAREST_LANDMARK_EN_Expo 2020 Site,0.001768033
categorical__AREA_EN_Al Wasl,0.0017541938
categorical__PROJECT_EN_BELLEVUE TOWERS,0.001751281
categorical__PROJECT_EN_Chaimaa Avenue,0.0017448495
categorical__PROJECT_EN_WILTON TERRACES,0.0017372787
categorical__NEAREST_LANDMARK_EN_Unknown,0.0017240416
categorical__PROJECT_EN_PLAZZO HEIGHTS,0.0017101786
categorical__PROJECT_EN_Ciel,0.0016959772
categorical__PROJECT_EN_LATIFA TOWER,0.0016798791
categorical__PROJECT_EN_SLS DUBAI,0.0016508595
categorical__PROJECT_EN_FORTE,0.0016330822
categorical__PROJECT_EN_HANOVER SQUARE,0.0016100749
categorical__NEAREST_MALL_EN_Ibn-e-Battuta Mall,0.0015945788
categorical__PROJECT_EN_ACACIA AT PARK HEIGHTS,0.001593261
categorical__PROJECT_EN_CONDOR GOLF LINKS 18,0.0015898364
categorical__PROJECT_EN_Peninsula Five,0.0015863795
categorical__PROJECT_EN_Binghatti Avenue,0.0015654226
categorical__AREA_EN_Business Bay,0.0015648005
categorical__AREA_EN_JUMEIRAH VILLAGE TRIANGLE,0.0015593858
categorical__PROJECT_EN_Catch Residences By IGO,0.0015423648
categorical__PROJECT_EN_JUMEIRAH BUSINESS CENTRE1,0.0015320802
categorical__AREA_EN_DUBAI PRODUCTION CITY,0.0015319623
categorical__PROJECT_EN_BAY SQUARE,0.0015252457
categorical__PROJECT_EN_Empire Residence,0.0014870805
categorical__AREA_EN_DUBAI LAND RESIDENCE COMPLEX,0.0014849191
"categorical__PROJECT_EN_THE ROYAL ATLANTIS,RESORT AND RESIDENCES",0.0014649706
numerical__transaction_day_of_week,0.0014498854
categorical__PROJECT_EN_Palace Residences - Dubai Creek Harbour,0.0014468282
categorical__AREA_EN_DISCOVERY GARDENS,0.0014388724
categorical__NEAREST_METRO_EN_Damac Properties,0.001421672
categorical__PROJECT_EN_Orra The Embankment,0.0014127793
categorical__PROJECT_EN_Beverly Residence,0.0014124428
categorical__NEAREST_LANDMARK_EN_Motor City,0.0014055582
categorical__PROJECT_EN_Beach Mansion,0.0013957025
categorical__PROJECT_EN_SULAFA TOWER,0.0013880061
categorical__PROJECT_EN_HDS BUSINESS CENTRE,0.0013873344
categorical__PROJECT_EN_THE ADDRESS DUBAI OPERA,0.0013775608
categorical__PROJECT_EN_Park Vista,0.0013752913
categorical__PROJECT_EN_ARMADA TOWERS,0.0013631475
categorical__PROJECT_EN_CLOUD Tower,0.0013497247
categorical__PROJECT_EN_DAMAC TOWERS BY PARAMOUNT,0.0013420614
categorical__PROJECT_EN_AG TOWER,0.0013301463
categorical__NEAREST_METRO_EN_Al Jadaf Metro Station,0.0013260217
categorical__PROJECT_EN_MARQUISE SQUARE TOWER,0.0013139579
categorical__PROJECT_EN_JUMEIRAH LIVING MARINA GATE,0.0013135055
categorical__NEAREST_METRO_EN_Al Sufouh,0.0013124427
categorical__PROJECT_EN_BAHWAN TOWER,0.0013003538
categorical__PROJECT_EN_Sobha Hartland Waves Grande,0.001299645
categorical__AREA_EN_JADDAF WATERFRONT,0.0012924435
categorical__PROJECT_EN_Azizi Aliyah Residences,0.0012844284
categorical__PROJECT_EN_JUMEIRAH BUSINESS CENTRE 5,0.0012816973
categorical__PROJECT_EN_SILVERENE,0.0012771175
categorical__PROJECT_EN_AURA by Grovy,0.0012735795
categorical__PROJECT_EN_Lawnz Residence by Danube,0.0012662226
categorical__AREA_EN_ARJAN,0.001254512
categorical__PROJECT_EN_ME DO RE,0.0012538107
categorical__PROJECT_EN_MAG218,0.0012412864
categorical__PROJECT_EN_TERHAB HOTEL & TOWERS AT JUMEIRAH VILLAGE TRIANGLE,0.0012412128
categorical__AREA_EN_DUBAI SCIENCE PARK,0.0012372776
categorical__NEAREST_LANDMARK_EN_Dubai International Airport,0.0011973596
categorical__PROJECT_EN_51@BUSINESS BAY,0.0011970082
categorical__PROJECT_EN_THE OPUS BY OMNIYAT,0.0011709493
categorical__NEAREST_METRO_EN_Noor Bank Metro Station,0.0011666045
categorical__PROJECT_EN_DUBAI MARINA MALL,0.0011500546
categorical__PROJECT_EN_DAMAC HEIGHTS,0.0011481158
categorical__NEAREST_LANDMARK_EN_Global Village,0.0011448787
categorical__PROJECT_EN_Seventh Heaven - Ashjar,0.0011445453
categorical__PROJECT_EN_THE RESIDENCES AT MARINA GATE 2,0.0011442077
categorical__PROJECT_EN_THE SQUARE,0.0011425914
categorical__PROJECT_EN_WILTON PARK RESIDENCES,0.0011366335
categorical__AREA_EN_DUBAI CREEK HARBOUR,0.0011297264
categorical__PROJECT_EN_PORT DE LA MER - LE SOLEIL,0.0011276186
categorical__AREA_EN_Trade Center First,0.0011180842
categorical__ROOMS_EN_Shop,0.0011105752
categorical__PROJECT_EN_DD STAND POINT,0.001107252
categorical__PROJECT_EN_BANYAN TREE RESIDENCES HILLSIDE DUBAI,0.0011031271
categorical__PROJECT_EN_TORCH TOWER,0.0010899495
categorical__AREA_EN_JUMEIRAH BEACH RESIDENCE,0.0010833489
categorical__PROJECT_EN_Luma Park Views,0.0010526828
categorical__AREA_EN_Jumeirah First,0.0010367787
categorical__AREA_EN_Zaabeel Second,0.0010345357
numerical__transaction_day,0.0010337718
categorical__PROJECT_EN_SKY COURTS,0.0010253721
categorical__PROJECT_EN_Creek Palace,0.0010199796
categorical__PROJECT_EN_Grand Bleu Tower interiors by Elie Saab,0.0010185977
categorical__AREA_EN_DUBAI WATER CANAL,0.001016282
categorical__PROJECT_EN_BELGRAVIA SQUARE,0.0010122483
categorical__PROJECT_EN_GOLDEN MILE,0.0010074751
categorical__PROJECT_EN_QPOINT LIWAN-PLOT R005,0.0010074195
categorical__PROJECT_EN_THE COSMOPOLITAN,0.0009998091
categorical__PROJECT_EN_Binghatti Aurora,0.000996608
categorical__AREA_EN_Zaabeel First,0.0009931559
categorical__PROJECT_EN_PALACE TOWER,0.00096760853
categorical__AREA_EN_Madinat Hind 4,0.0009645334
categorical__PROJECT_EN_Ahad Residences,0.0009587999
categorical__PROJECT_EN_EQUITI HOME,0.0009583465
categorical__PROJECT_EN_KENSINGTON WATERS,0.00095689314
categorical__PROJECT_EN_THE SIGNATURE,0.0009557284
categorical__PROJECT_EN_Studio One,0.0009549818
categorical__PROJECT_EN_ONE AT PALM JUMEIRAH,0.0009345962
categorical__AREA_EN_LIVING LEGENDS,0.00092926685
"categorical__PROJECT_EN_No.17, No.18a,No.18b and No.19 Citywalk Residential",0.00092235295
categorical__AREA_EN_DOWN TOWN JABAL ALI,0.0009187065
categorical__PROJECT_EN_INDIGO TOWER,0.00091849
categorical__PROJECT_EN_J ONE,0.00091224397
categorical__PROJECT_EN_BOTANICA,0.0009100567
categorical__PROJECT_EN_THE ADDRESS RESIDENCE FOUNTAIN VIEWS III,0.00090920756
categorical__PROJECT_EN_SMART HEIGHTS,0.0009075529
categorical__PROJECT_EN_Azizi Mirage 1,0.0008975737
categorical__NEAREST_METRO_EN_Financial Centre,0.0008900002
categorical__NEAREST_METRO_EN_Trade Centre Metro Station,0.0008895576
categorical__PROJECT_EN_SCHON BUSINESS PARK,0.00088732503
categorical__AREA_EN_EMAAR SOUTH,0.0008856147
categorical__PROJECT_EN_THE DOME TOWER,0.00088462344
categorical__AREA_EN_MAJAN,0.0008803967
categorical__PROJECT_EN_Grande,0.0008799475
categorical__PROJECT_EN_MARINA QUAYS,0.000875929
categorical__PROJECT_EN_BONNINGTON TOWER HOTEL & RESIDENCE DUBAI,0.0008740541
categorical__PROJECT_EN_PARK CENTRAL,0.00086907437
categorical__PROJECT_EN_Jumeirah Gate,0.0008690017
numerical__transaction_month,0.0008679408
"categorical__PROJECT_EN_QASR SABAH I , II ,III",0.0008615213
categorical__PROJECT_EN_Harbour Gate,0.0008607743
categorical__PROJECT_EN_Binghatti Amber,0.00086007715
categorical__PROJECT_EN_QPOINT LIWAN-PLOT R068,0.00085321773
categorical__PROJECT_EN_HAMILTON RESIDENCY,0.0008442816
categorical__PROJECT_EN_AYKON CITY,0.0008437402
categorical__PROJECT_EN_Pearls by Vision,0.0008436973
categorical__PROJECT_EN_BUSINESS AVENUE BB2,0.0008327686
categorical__PROJECT_EN_BURJ AL NUJOOM,0.00083096867
categorical__AREA_EN_LIWAN,0.0008284114
categorical__PROJECT_EN_Binghatti Phantom,0.0008263588
categorical__PROJECT_EN_BAY CENTRAL WEST & CENTRAL TOWERS,0.00081914966
categorical__PROJECT_EN_UPPER CREST,0.00081546215
categorical__PROJECT_EN_Royal Regency,0.0008107196
categorical__PROJECT_EN_FIVE LUXE,0.0008094126
categorical__PROJECT_EN_One Za'abeel,0.0008084772
categorical__PROJECT_EN_Azizi Riviera 14,0.00080318603
categorical__PROJECT_EN_Peninsula One,0.0008029274
categorical__PROJECT_EN_ONTARIO TOWER,0.0008026815
categorical__PROJECT_EN_AL HABTOOR CITY,0.000802201
categorical__PROJECT_EN_NEW DUBAI GATE1,0.00078496773
categorical__PROJECT_EN_THE PAD,0.0007805254
categorical__PROJECT_EN_SILVER TOWER,0.0007792743
categorical__PROJECT_EN_SEASONS COMMUNITY- SUMMER,0.00077686587
categorical__PROJECT_EN_Binghatti Phoenix,0.00077500293
categorical__NEAREST_LANDMARK_EN_Al Makhtoum International Airport,0.0007704103
categorical__AREA_EN_Marsa Dubai,0.0007653788
categorical__PROJECT_EN_SEVENTH HEAVEN,0.00076400465
categorical__PROJECT_EN_MARINA RESIDENCE,0.0007487296
categorical__PROJECT_EN_LAGUNA TOWER,0.00074720563
categorical__PROJECT_EN_MBL Royal,0.00074584316
categorical__PROJECT_EN_Peninsula Three,0.0007442725
categorical__PROJECT_EN_CREEK RISE,0.00073805416
categorical__PROJECT_EN_SOL BAY,0.0007368702
categorical__PROJECT_EN_Vida Dubai Mall,0.000736173
categorical__PROJECT_EN_VIDA Residences Dubai Marina,0.0007353988
categorical__PROJECT_EN_THE HAVEN,0.0007306377
categorical__ROOMS_EN_6 B/R,0.00073003955
categorical__PROJECT_EN_CRYSTAL TOWER,0.0007276387
categorical__AREA_EN_DUBAI SPORTS CITY,0.00072104164
categorical__PROCEDURE_EN_Lease to Own Registration,0.0007193089
categorical__PROJECT_EN_QPOINT LIWAN-PLOT R004,0.00071758265
categorical__PROJECT_EN_Elysee III by Pantheon,0.0007127308
categorical__PROJECT_EN_CLAYTON RESIDENCY,0.000708506
categorical__PROJECT_EN_ELLINGTON HOUSE,0.00070733647
categorical__PROJECT_EN_LIVING LEGENDS PHASE 7,0.0007068246
categorical__PROJECT_EN_EMPIRE HEIGHTS,0.0007051669
categorical__PROJECT_EN_BURJ KHALIFA TOWERS,0.0007033258
categorical__PROJECT_EN_NO 9,0.000703282
categorical__AREA_EN_Al Yelayiss 2,0.00070248236
categorical__PROJECT_EN_CAYAN TOWER,0.0007020115
categorical__PROJECT_EN_EMERALD PALACE KEMPINSKI HOTEL,0.0006983889
categorical__PROJECT_EN_Kempinski Residences The Creek,0.0006955956
categorical__PROJECT_EN_MARINA STAR,0.00069528265
categorical__PROJECT_EN_014 TOWER,0.00069425104
categorical__PROJECT_EN_Eden House The Canal,0.0006898752
categorical__PROJECT_EN_Creek Beach - Grove,0.00068817224
categorical__ROOMS_EN_PENTHOUSE,0.00068700954
categorical__PROJECT_EN_Glorious Central Residences,0.00067637
categorical__NEAREST_METRO_EN_Airport Free Zone,0.0006724915
categorical__PROJECT_EN_Madinat Jumeirah Living,0.0006707979
categorical__PROJECT_EN_Binghatti Gateway,0.0006592081
categorical__PROJECT_EN_THE ONE TOWER,0.0006559893
categorical__PROJECT_EN_OBEROI CENTRE,0.00065534265
categorical__PROJECT_EN_KNIGHT BRIDGE COURT & KENSNGTON MANOR,0.00065455004
categorical__PROJECT_EN_Celine By Vision,0.00065387855
categorical__PROJECT_EN_MARINA PINNACLE,0.00065123517
categorical__PROJECT_EN_JUMEIRAH BUSINESS CENTRE2,0.000649767
categorical__PROJECT_EN_The One at Jumeirah Village Triangle,0.0006488161
categorical__PROJECT_EN_Dorchester Collection Dubai,0.00064600864
categorical__PROJECT_EN_BUSINESS AVENUE AA1,0.00064298266
categorical__PROJECT_EN_ALTIA ONE,0.00064042874
categorical__AREA_EN_THE LAKES,0.00063929555
categorical__PROJECT_EN_Binghatti Gate,0.00063903834
categorical__PROJECT_EN_AXIS  RESIDENCES 1,0.00063768675
categorical__PROJECT_EN_Binghatti Canal,0.00063483446
categorical__PROJECT_EN_LIWA HEIGHTS,0.0006255188
categorical__PROJECT_EN_AZIZI RIVIERA AZURE,0.00062423316
categorical__PROJECT_EN_Uniestate Prime Tower,0.00062354247
categorical__PROJECT_EN_GREEN DIAMOND 1,0.0006233417
categorical__PROJECT_EN_SUBERBIA,0.00062137016
categorical__PROJECT_EN_Azizi Riviera 39,0.0006155296
categorical__PROJECT_EN_OAKLEY SQUARE RESIDENCES,0.00061402045
categorical__PROJECT_EN_CLOVER BAY,0.00061348063
categorical__NEAREST_METRO_EN_Emirates Towers Metro Station,0.00061184325
categorical__AREA_EN_Um Suqaim Third,0.00061156944
categorical__PROJECT_EN_LAKESIDE,0.0006108131
categorical__PROJECT_EN_MBL RESIDENCE,0.0006102537
categorical__AREA_EN_CITY WALK,0.0006057182
categorical__PROJECT_EN_MADA RESIDENCES TOWER,0.0006009964
categorical__PROJECT_EN_GEMZ by Danube,0.000598279
categorical__PROJECT_EN_Palace Residences - North,0.0005949326
categorical__PROJECT_EN_CENTRIUM TOWER,0.00059252005
categorical__PROJECT_EN_THE ADDRESS RESIDENCE - SKY VIEW,0.0005904556
categorical__PROJECT_EN_STELLA MARIS,0.00058750133
categorical__PROJECT_EN_Azizi Riviera 44,0.0005846328
categorical__AREA_EN_Al Kheeran,0.00058284914
categorical__PROJECT_EN_The Grand,0.0005825719
categorical__AREA_EN_Muhaisanah First,0.00057924393
categorical__PROJECT_EN_Azizi Riviera Beachfront,0.0005789006
categorical__AREA_EN_DAMAC HILLS,0.00057534536
categorical__PROJECT_EN_MAJESTIQUE RESIDENCE 1,0.00057147705
categorical__PROJECT_EN_SPARKLE TOWERS,0.00057132664
categorical__PROJECT_EN_The Autograph,0.0005708613
categorical__AREA_EN_MINA RASHID,0.0005708468
categorical__AREA_EN_DUBAI INVESTMENT PARK SECOND,0.0005642976
categorical__PROJECT_EN_AL JAWHARA TOWER,0.00056233467
categorical__PROJECT_EN_BURJ VISTA,0.0005609761
categorical__PROJECT_EN_I - RISE TOWER,0.00056086585
categorical__PROJECT_EN_THE MATRIX,0.0005561845
categorical__PROJECT_EN_DANA TOWER,0.0005558395
categorical__PROJECT_EN_THE BINARY BY OMNIYAT,0.0005538944
categorical__PROJECT_EN_AU TOWER,0.00055337715
categorical__PROJECT_EN_FAHAD 2,0.00054830045
categorical__PROJECT_EN_THE DISTINCTION,0.000543317
categorical__PROJECT_EN_DIAMOND BUSINESS CENTER,0.00054294313
categorical__PROJECT_EN_Myrtle,0.000537072
categorical__PROJECT_EN_MIDTOWN - DANIA,0.00053438806
categorical__PROJECT_EN_PALAZZO VERSACE,0.00053246855
categorical__PROJECT_EN_AVENUE RESIDENCE1,0.00053068873
categorical__PROJECT_EN_Downtown Views II,0.0005301308
categorical__AREA_EN_Al Qusais Industrial Fourth,0.0005279336
categorical__PROJECT_EN_Opera Grand,0.00052774505
categorical__PROJECT_EN_THE DUBAI MALL,0.00052564015
categorical__PROJECT_EN_THE VOGUE,0.0005229546
categorical__PROJECT_EN_MARINA WHARF II,0.0005193425
categorical__PROJECT_EN_BEACH VISTA,0.0005186574
categorical__PROJECT_EN_THE BRIDGE,0.00051752455
categorical__PROJECT_EN_Celadon,0.00051455415
categorical__PROJECT_EN_OIA Residence,0.0005128988
categorical__PROJECT_EN_Tabeer 1,0.00050626934
categorical__PROJECT_EN_Dusk by Binghatti,0.0005047858
categorical__PROJECT_EN_UNIESTATE MILLENNIUM TOWER,0.0005021562
categorical__PROJECT_EN_Grenland Residence By arloid,0.00050147704
categorical__PROJECT_EN_AZIZI RIVIERA 69,0.00049966836
categorical__PROJECT_EN_Wavez Residence,0.0004989921
categorical__PROJECT_EN_SILICON INFORMATION TECHNOLOGY TOWER,0.0004980589
categorical__PROJECT_EN_ARABIAN GATE,0.00049321214
categorical__PROJECT_EN_1 Residences,0.00048831204
categorical__PROJECT_EN_Park Heights I,0.00048600722
categorical__AREA_EN_INTERNATIONAL CITY PH 2 & 3,0.0004803299
categorical__PROJECT_EN_Dawn by Binghatti,0.00045007275
categorical__PROJECT_EN_VILLA PERA,0.0004471684
categorical__PROJECT_EN_Lime Gardens,0.0004451896
categorical__PROJECT_EN_THE RESIDENCES AT MARINA GATE 1,0.000444083
categorical__PROJECT_EN_ESCAN MARINA TOWER,0.00044338845
categorical__PROJECT_EN_DUBAI STAR,0.0004360568
categorical__PROJECT_EN_GENESIS,0.00043575713
categorical__PROJECT_EN_DUBAI ARCH TOWER,0.0004317536
categorical__PROJECT_EN_MARINA VISTA,0.00042052273
categorical__AREA_EN_JUMEIRAH HEIGHTS,0.0004148302
categorical__PROJECT_EN_REGAL TOWER,0.000408556
categorical__PROJECT_EN_Seven Hotel and Apartments The Palm,0.00040603615
categorical__PROJECT_EN_AXIS RESIDENCES 5,0.00039563962
categorical__AREA_EN_TECOM SITE A,0.00039537885
categorical__PROJECT_EN_BUSINESS AVENUE BB1,0.00039394828
categorical__AREA_EN_Trade Center Second,0.00038961394
categorical__PROJECT_EN_MIRACLZ TOWER,0.00038917144
categorical__PROJECT_EN_Binghatti Azure,0.00038413875
categorical__PROJECT_EN_NOBLES,0.00037778972
categorical__PROJECT_EN_HDS SUNSTAR 1,0.00037071362
categorical__PROJECT_EN_GLOBAL GOLF RESIDENCE 2,0.00036133232
categorical__PROJECT_EN_ARBOR VIEW,0.00034831936
categorical__PROJECT_EN_Trillionaire Residences by Binghatti,0.00034709717
categorical__PROJECT_EN_AVALON TOWER,0.0003456237
categorical__PROJECT_EN_CELESTIA,0.00034102332
categorical__PROJECT_EN_BD BOULEVARD PLAZA,0.0003301427
categorical__AREA_EN_Wadi Al Safa 7,0.000328031
categorical__PROJECT_EN_Binghatti Crest,0.00032346701
categorical__PROJECT_EN_INTERNATIONAL CITY EMARATI,0.00032335997
categorical__PROJECT_EN_MAJESTIQUE RESIDENCE 2,0.00031977234
categorical__PROJECT_EN_SWISS TOWER,0.00029753358
categorical__PROJECT_EN_VIDA RESIDENCE DOWNTOWN DUBAI,0.00029521598
categorical__PROJECT_EN_SAMANA HILLS,0.0002893164
categorical__PROJECT_EN_ACT ONE | ACT TWO,0.00028912938
categorical__PROJECT_EN_Burj Crown,0.00028573908
categorical__PROJECT_EN_THE ANWA BY OMNIYAT,0.00028433214
categorical__PROJECT_EN_Park Horizon,0.00027962567
categorical__PROJECT_EN_SKY CENTRAL,0.0002759762
categorical__PROJECT_EN_AZIZI VISTA,0.00027524127
categorical__NEAREST_METRO_EN_Healthcare City Metro Station,0.00026911165
categorical__PROJECT_EN_CASA FLORES AND EDEN APARTMENTS,0.000265737
categorical__AREA_EN_AL FURJAN,0.00025744404
categorical__PROJECT_EN_THE CRESCENT,0.00024791376
categorical__PROJECT_EN_ELITE II SPORTS RESIDENCE,0.0002451722
categorical__PROJECT_EN_VOLANTE 2,0.00022253218
categorical__PROJECT_EN_NO.9 & NO.10 CITYWALK RESIDENTIAL,0.0002125428
categorical__PROJECT_EN_BAYSWATER,0.00020753409
categorical__PROJECT_EN_ELEVATE by Prescott,0.00020675074
categorical__PROJECT_EN_Azizi Riviera 37,0.00020343975
categorical__PROJECT_EN_Park Field,0.00019800516
categorical__PROJECT_EN_Azizi Farishta Residence,0.00018588337
categorical__PROJECT_EN_Golf ville,0.00018535904
categorical__PROJECT_EN_INDIGO SPECTRUM1,0.00017796476
categorical__PROJECT_EN_ROYAL OCEANIC TOWER,0.00017514252
categorical__PROJECT_EN_MOSELA,0.00017042251
categorical__PROJECT_EN_CLASSIC APARTMENTS,0.00016706374
categorical__PROJECT_EN_TANARO,0.00016286931
categorical__AREA_EN_AL KHAIL HEIGHTS,0.0001498578
categorical__PROJECT_EN_17 ICON BAY,0.00014833591
categorical__PROJECT_EN_ROYALE RESIDENCE1,0.00014572902
categorical__PROJECT_EN_TFG ONE HOTEL,0.0001384967
categorical__PROJECT_EN_ELLINGTON HOUSE II,0.0001347453
categorical__PROJECT_EN_SOBHA HARTLAND GREENS- PHASE I,0.00012910519
categorical__PROJECT_EN_Binghatti Onyx,0.00012404978
categorical__AREA_EN_TOWN SQUARE,0.00011912355
categorical__PROJECT_EN_THE ADDRESS RESIDENCE FOUNTAIN VIEWS II,0.00011822699
"categorical__PROJECT_EN_Mohammed Bin Rashid Al Maktoum City , District One Phase III  , Residences 14",0.00010758553
categorical__PROJECT_EN_DUNES VILLAGE,0.00010746053
categorical__PROJECT_EN_Alandalus Building G,0.00010683113
categorical__PROJECT_EN_TENORA,0.000105900304
categorical__PROJECT_EN_W Residences Dubai - The Palm,0.00010532017
categorical__PROJECT_EN_Sensoria at Five Luxe,0.000104371094
categorical__PROJECT_EN_AXIS SILVER,0.00010380355
categorical__AREA_EN_Mirdif,9.974056e-05
categorical__PROJECT_EN_DESERT SUN TOWER,8.5579755e-05
categorical__PROJECT_EN_AZIZI RIVIERA 67,8.521841e-05
"categorical__PROJECT_EN_Mohammed Bin Rashid Al Maktoum City , District One Phase III  , Residences 5",5.636244e-05
categorical__PROCEDURE_EN_Delayed Development,5.293386e-05
categorical__AREA_EN_Al Satwa,5.064497e-05
categorical__PROJECT_EN_Palace Beach Residence,4.1486135e-05
categorical__PROJECT_EN_CREEK CRESCENT,4.0462666e-05
categorical__PROJECT_EN_AZIZI RIVIERA 61,3.8400238e-05
"categorical__PROJECT_EN_Mohammed Bin Rashid Al Maktoum City , District One Phase III  , Residences 15",3.4451397e-05
categorical__PROJECT_EN_BELLA ROSE,3.4199475e-05
categorical__PROJECT_EN_LADY RATAN MANOR,3.1653195e-05
categorical__PROJECT_EN_The Cove,2.8226597e-05
categorical__PROJECT_EN_URBANA III,2.6810078e-05
"categorical__PROJECT_EN_Mohammed Bin Rashid Al Maktoum City , District One Phase III  , Residences 25",2.4545012e-05
categorical__PROJECT_EN_ROYAL AMWAJ,2.2677918e-05
categorical__AREA_EN_REMRAAM,2.240618e-05
categorical__PROJECT_EN_URBANA,1.9302688e-05
categorical__PROJECT_EN_SKYZ By Danube,1.7509466e-05
categorical__PROJECT_EN_RITAJ,1.1912574e-05
categorical__PROJECT_EN_Golf Views,2.9139444e-06
"categorical__PROJECT_EN_Mohammed Bin Rashid Al Maktoum City , District One Phase III  , Residences 6",8.643999e-07
categorical__PROJECT_EN_Viridian,0.0
categorical__PROJECT_EN_Vincitore Boulevard,0.0
categorical__PROJECT_EN_Vincitore Benessere,0.0
categorical__PROJECT_EN_Viera Residences,0.0
categorical__AREA_EN_DMCC-EZ2,0.0
categorical__AREA_EN_CITY OF ARABIA,0.0
categorical__PROJECT_EN_DAMAC HILLS - JASMINE,0.0
categorical__PROJECT_EN_DAMAC HILLS - GOLF VISTA,0.0
categorical__PROJECT_EN_DAMAC HILLS - GOLF VEDUTA,0.0
categorical__PROJECT_EN_DAMAC HILLS - GOLF TERRACE,0.0
categorical__PROJECT_EN_DAMAC HILLS - GOLF PROMENADE,0.0
categorical__PROJECT_EN_DAMAC HILLS - GOLF PANORAMA,0.0
categorical__PROJECT_EN_DAMAC HILLS - GOLF HORIZON,0.0
categorical__PROJECT_EN_DAMAC HILLS - GOLF GATE,0.0
categorical__PROJECT_EN_DAMAC HILLS - CARSON,0.0
categorical__PROJECT_EN_DAMAC HILLS - ARTESIA,0.0
categorical__PROJECT_EN_DAMAC HILLS (2) - VIRIDIS,0.0
categorical__PROJECT_EN_DAMAC HILLS (2) - NAVITAS (A & B),0.0
categorical__PROJECT_EN_DAMAC HILLS (2) - NAVITAS,0.0
categorical__PROJECT_EN_D1,0.0
categorical__PROJECT_EN_WINDSOR MANOR,0.0
categorical__PROJECT_EN_WESTBURRY TOWER,0.0
categorical__PROJECT_EN_DAMAC HILLS - ORCHID,0.0
categorical__PROJECT_EN_DAMAC HILLS - LORETO,0.0
categorical__PROJECT_EN_Cresswell Residences,0.0
categorical__PROJECT_EN_Creek Gate,0.0
categorical__PROJECT_EN_Creek Beach - VIDA Residences,0.0
categorical__PROJECT_EN_Creek Beach - Surf,0.0
categorical__PROJECT_EN_Creek Beach - Sunset,0.0
categorical__PROJECT_EN_Creek Beach - Summer,0.0
categorical__PROJECT_EN_Creek Beach - Savanna-Cedar-Mangrove,0.0
categorical__PROJECT_EN_Creek Beach - Rosewater,0.0
categorical__PROJECT_EN_Creek Beach - Orchid,0.0
categorical__PROJECT_EN_Creek Beach - Lotus,0.0
categorical__PROJECT_EN_Creek Beach - Canopy - Moor,0.0
categorical__PROJECT_EN_Creek Beach - Breeze,0.0
categorical__PROJECT_EN_Creek Beach - Bayshore,0.0
categorical__PROJECT_EN_Coral by Vision,0.0
categorical__PROJECT_EN_Continental Tower,0.0
categorical__PROJECT_EN_Chaimaa Avenue 2,0.0
categorical__PROJECT_EN_Central Park at City Walk -Building 1,0.0
categorical__PROJECT_EN_Canal Residence West 2,0.0
categorical__PROJECT_EN_Canal Front Residences-CF7 & CF8 & CF9,0.0
categorical__PROJECT_EN_Canal Front Residences-CF5&CF6,0.0
categorical__PROJECT_EN_Canal Front Residences-CF3&CF4,0.0
categorical__PROJECT_EN_Canal Front Residences CF1 & CF2,0.0
categorical__PROJECT_EN_DOWNTOWN VIEWS,0.0
categorical__PROJECT_EN_DM MARINA PLAZA,0.0
categorical__PROJECT_EN_DIAMOND VIEWS 3,0.0
categorical__PROJECT_EN_DIAMOND VIEWS 2,0.0
categorical__PROJECT_EN_DIAMOND VIEWS 1,0.0
categorical__PROJECT_EN_DEZIRE RESIDENCES,0.0
categorical__PROJECT_EN_DEANSGATE by ADE,0.0
categorical__PROJECT_EN_DAR AL JAWHARA,0.0
categorical__PROJECT_EN_ELITE 8 SPORTS RESIDENCE,0.0
categorical__PROJECT_EN_ELITE 7 SPORTS RESIDENCE,0.0
categorical__PROJECT_EN_ELITE 6 SPORTS RESIDENCE,0.0
categorical__PROJECT_EN_ELITE 5 SPORTS RESIDENCE,0.0
categorical__PROJECT_EN_ELITE 4 SPORTS RESIDENCE,0.0
categorical__PROJECT_EN_ELITE 3 SPORTS RESIDENCE,0.0
categorical__PROJECT_EN_ELITE 10 SPORTS RESIDENCE,0.0
categorical__PROJECT_EN_EDMONTON ELM,0.0
categorical__PROJECT_EN_EATON,0.0
categorical__PROJECT_EN_EAGLE HEIGHTS,0.0
categorical__PROJECT_EN_Dubai Wharf - Tower 2,0.0
categorical__PROJECT_EN_Dolphin Tower,0.0
categorical__PROJECT_EN_Divine Living,0.0
categorical__PROJECT_EN_DURAR1,0.0
categorical__PROJECT_EN_DUBAI WHARF,0.0
categorical__PROJECT_EN_DRAGON VIEW,0.0
categorical__PROJECT_EN_EQUITI APARTMENTS,0.0
categorical__PROJECT_EN_EMIRATES GARDEN II - MAPLE,0.0
categorical__PROJECT_EN_EMIRATES GARDEN II - MAGNOLIA,0.0
categorical__PROJECT_EN_EMIRATES GARDEN I - ROSE 1,0.0
categorical__PROJECT_EN_EMIRATES GARDEN I - GARDENIA,0.0
categorical__PROJECT_EN_EMIRATES GARDEN 2 (MAPLE- MAGNOLA - MULBERRY),0.0
categorical__PROJECT_EN_EMIRATES GARDEN 1 (LAVENDER - GARDENIA - ROSE),0.0
categorical__PROJECT_EN_EMERALD PALACE KEMPINSKI,0.0
categorical__PROJECT_EN_ELZ Residence,0.0
categorical__PROJECT_EN_ELYSEE II by PANTHEON,0.0
categorical__PROJECT_EN_ELLINGTON BEACH HOUSE,0.0
categorical__PROJECT_EN_ELITE SPORTS RESIDENCE,0.0
categorical__PROJECT_EN_ELITE RESIDENCE,0.0
categorical__PROJECT_EN_ELITE DOWNTOWN RESIDENCE,0.0
categorical__PROJECT_EN_ELITE BUSINESS BAY RESIDENCE,0.0
categorical__PROJECT_EN_ELITE 9 SPORTS RESIDENCE,0.0
categorical__PROJECT_EN_EXECUTIVE HEIGHT,0.0
categorical__PROJECT_EN_EXECUTIVE BAY B,0.0
categorical__PROJECT_EN_EQUITI RESIDENCE,0.0
categorical__PROJECT_EN_EQUITI GATES,0.0
categorical__PROJECT_EN_EQUITI ARCADE,0.0
categorical__PROJECT_EN_CRYSTAL RESIDENCE,0.0
categorical__PROJECT_EN_CRICKET TOWER,0.0
categorical__PROJECT_EN_CREEKSIDE 18,0.0
categorical__PROJECT_EN_CREEK HORIZON,0.0
categorical__PROJECT_EN_CORDOBA PALACE,0.0
categorical__PROJECT_EN_CORAL RESIDENCE,0.0
categorical__PROJECT_EN_CORAL INTERNATIONAL HOTEL APARTMENT,0.0
categorical__PROJECT_EN_CONCORDE TOWER,0.0
categorical__PROJECT_EN_CONCEPT 7 RESIDENCES,0.0
categorical__PROJECT_EN_CLUB VISTA MARE,0.0
categorical__PROJECT_EN_FORTUNATO,0.0
categorical__PROJECT_EN_FIRST CENTRAL,0.0
categorical__PROJECT_EN_FAIRMONT PALM RESIDENCE,0.0
categorical__PROJECT_EN_CLAREN 1,0.0
categorical__PROJECT_EN_CITY APARTMENTS,0.0
categorical__PROJECT_EN_CITADEL TOWER,0.0
categorical__PROJECT_EN_CHURCHILL TOWER,0.0
categorical__PROJECT_EN_CHAMPIONS TOWER1,0.0
categorical__PROJECT_EN_CENTURION RESIDENCE,0.0
categorical__PROJECT_EN_CELIA RESIDENCE,0.0
categorical__PROJECT_EN_CAPPADOCIA,0.0
categorical__PROJECT_EN_FAIR VIEW RESIDENCY,0.0
categorical__PROJECT_EN_Emerald Vision Tower,0.0
categorical__PROJECT_EN_Elegance by Chaimaa Holding,0.0
categorical__PROJECT_EN_Edison House,0.0
categorical__PROJECT_EN_Easy18,0.0
categorical__PROJECT_EN_GOLD CREST VIEWS2,0.0
categorical__PROJECT_EN_GOLD CREST EXECUTIVE,0.0
categorical__PROJECT_EN_GLOBAL LAKE VIEW,0.0
categorical__PROJECT_EN_GLOBAL GREEN VIEW II,0.0
categorical__PROJECT_EN_GLITZ RESIDENCE 3,0.0
categorical__PROJECT_EN_GLITZ RESIDENCE 2,0.0
categorical__PROJECT_EN_GLITZ RESIDENCE 1,0.0
categorical__PROJECT_EN_GLAMZ RESIDENCE,0.0
categorical__PROJECT_EN_GIOVANNI BOUTIQUE,0.0
categorical__PROJECT_EN_GHALIA,0.0
categorical__PROJECT_EN_GEMINI SPLENDOR,0.0
categorical__PROJECT_EN_Floarea Residence,0.0
categorical__PROJECT_EN_Fawad Azizi Residence,0.0
categorical__PROJECT_EN_Farhad Azizi Residence,0.0
categorical__PROJECT_EN_FRANKFURT SPORTS TOWER I,0.0
categorical__PROJECT_EN_FORUM RESIDENCES,0.0
categorical__PROJECT_EN_CAPITAL BAY  A,0.0
categorical__PROJECT_EN_CANDACE ASTER HOTEL APARTMENTS,0.0
categorical__PROJECT_EN_CANDACE ACACIA HOTEL APARTMENTS,0.0
categorical__PROJECT_EN_CANAL RESIDENCE WEST (PHASE 1),0.0
categorical__PROJECT_EN_Burj Royale,0.0
categorical__PROJECT_EN_Boutique Xll,0.0
categorical__PROJECT_EN_Boulevard Point,0.0
categorical__PROJECT_EN_Binghatti Venus,0.0
categorical__PROJECT_EN_Binghatti Tulip,0.0
categorical__PROJECT_EN_Binghatti Rose,0.0
categorical__PROJECT_EN_Binghatti Point,0.0
categorical__PROJECT_EN_GRANDEUR RESIDENCES,0.0
categorical__PROJECT_EN_GRAND HORIZON 1,0.0
categorical__PROJECT_EN_GRAND CENTRAL,0.0
categorical__PROJECT_EN_GOLF VIEW RESIDENCE,0.0
categorical__PROJECT_EN_GOLF TOWER,0.0
categorical__PROJECT_EN_HUB CANAL 1 TOWER,0.0
categorical__PROJECT_EN_HOLLAND GARDENS,0.0
categorical__PROJECT_EN_HOCKEY TOWER,0.0
categorical__PROJECT_EN_HILIANA,0.0
categorical__PROJECT_EN_HAYAT BOULEVARD,0.0
categorical__PROJECT_EN_HARRINGTON HOUSE,0.0
categorical__PROJECT_EN_HARBOUR VIEWS,0.0
categorical__PROJECT_EN_HARBOUR RESIDENCES,0.0
categorical__PROJECT_EN_HAMZA TOWER,0.0
categorical__PROJECT_EN_HAMILTON HOUSE,0.0
categorical__PROJECT_EN_H Three By Aurora,0.0
categorical__PROJECT_EN_Golf Suites - Dubai Hills,0.0
categorical__PROJECT_EN_Golf Grand,0.0
categorical__PROJECT_EN_Gardenia Livings,0.0
categorical__PROJECT_EN_GREEN PARK,0.0
categorical__PROJECT_EN_Il PRIMO,0.0
categorical__PROJECT_EN_IT PLAZA,0.0
categorical__PROJECT_EN_IRIS BAY,0.0
categorical__PROJECT_EN_IRIS AMBER,0.0
categorical__PROJECT_EN_INIGO ICON,0.0
categorical__PROJECT_EN_INDIGO SPECTRUM 2,0.0
categorical__PROJECT_EN_INDIGO OPTIMA 1,0.0
categorical__PROJECT_EN_IMPERIAL RESIDENCE,0.0
categorical__PROJECT_EN_IMPERIAL,0.0
categorical__PROJECT_EN_Hyde Walk Residence by Imtiaz,0.0
categorical__PROJECT_EN_Hills Park,0.0
categorical__PROJECT_EN_Hera Tower,0.0
categorical__PROJECT_EN_Hadley Heights,0.0
categorical__PROJECT_EN_HZ RESIDENCES 4,0.0
categorical__PROJECT_EN_HYATI RESIDENCE,0.0
categorical__PROJECT_EN_HUB CANAL 2 TOWER,0.0
categorical__PROJECT_EN_J5,0.0
categorical__PROJECT_EN_J&G PLEXS,0.0
categorical__PROJECT_EN_Island Park II,0.0
categorical__PROJECT_EN_Island Park I,0.0
categorical__PROJECT_EN_Binghatti Orchid,0.0
categorical__PROJECT_EN_Binghatti Nova,0.0
categorical__PROJECT_EN_Binghatti Mirage,0.0
categorical__PROJECT_EN_Binghatti Luna,0.0
categorical__PROJECT_EN_Binghatti Lavender,0.0
categorical__PROJECT_EN_Binghatti Jasmine,0.0
categorical__PROJECT_EN_Binghatti House,0.0
categorical__PROJECT_EN_Binghatti Heights,0.0
categorical__PROJECT_EN_Binghatti Gems,0.0
categorical__PROJECT_EN_Binghatti Gardenia,0.0
categorical__PROJECT_EN_Binghatti Galaxy,0.0
categorical__PROJECT_EN_Binghatti Emerald,0.0
categorical__PROJECT_EN_Jumeirah Living Business Bay,0.0
categorical__PROJECT_EN_Joya Blanca Residences,0.0
categorical__PROJECT_EN_Binghatti Crescent,0.0
categorical__PROJECT_EN_Binghatti Creek,0.0
categorical__PROJECT_EN_Binghatti Corner,0.0
categorical__PROJECT_EN_Binghatti Apex,0.0
categorical__PROJECT_EN_Belgravia 2,0.0
categorical__PROJECT_EN_Bayz Tower,0.0
categorical__PROJECT_EN_Bali Residences,0.0
categorical__PROJECT_EN_BUSINESS TOWER,0.0
categorical__PROJECT_EN_Jewelz Residence,0.0
categorical__PROJECT_EN_Jadeel -Madinat Jumeirah Living,0.0
categorical__PROJECT_EN_JUMEIRAH HEIGHTS CLUSTERS,0.0
categorical__PROJECT_EN_JUMEIRAH BUSINESS CENTRE 4,0.0
categorical__PROJECT_EN_JADE RESIDENCE,0.0
categorical__PROJECT_EN_J8,0.0
categorical__PROJECT_EN_LAKE TERRACE,0.0
categorical__PROJECT_EN_LAKE SHORE TOWER,0.0
categorical__PROJECT_EN_LAKE CITY TOWER,0.0
categorical__PROJECT_EN_LAKE CENTRAL,0.0
categorical__PROJECT_EN_LAGO VISTA,0.0
categorical__PROJECT_EN_LA VISTA 03,0.0
categorical__PROJECT_EN_LA VISITA 02,0.0
categorical__PROJECT_EN_LA VISITA 01,0.0
categorical__PROJECT_EN_LA RIVIERA AZURE,0.0
categorical__PROJECT_EN_LA RIVE,0.0
categorical__PROJECT_EN_LA RESIDENZA,0.0
categorical__PROJECT_EN_LA FONTANA DI TREVI,0.0
categorical__PROJECT_EN_Karma,0.0
categorical__PROJECT_EN_Kappa Acca 3,0.0
categorical__PROJECT_EN_K1,0.0
categorical__PROJECT_EN_LINCOLN PARK (SHEFFIELD),0.0
categorical__PROJECT_EN_LINCOLN PARK ( NORTH SIDE),0.0
categorical__PROJECT_EN_LINCOLN PARK,0.0
categorical__PROJECT_EN_BURLINGTON TOWER,0.0
categorical__PROJECT_EN_BURJ VIEW RESIDENCE,0.0
categorical__PROJECT_EN_BLVD HEIGHTS,0.0
categorical__PROJECT_EN_BLVD CRESCENT,0.0
categorical__PROJECT_EN_BLUE WAVE,0.0
categorical__PROJECT_EN_BLOOM HEIGHTS,0.0
categorical__PROJECT_EN_BLISS HOMES,0.0
categorical__PROJECT_EN_LIME LIGHT TWIN TOWERS,0.0
categorical__PROJECT_EN_LEGACY BY SUNRISE,0.0
categorical__PROJECT_EN_LE PRESIDIUM,0.0
categorical__PROJECT_EN_LE GRAND CHATEAU,0.0
categorical__PROJECT_EN_LAKESIDE RESIDENCE,0.0
categorical__PROJECT_EN_LAKE VIEW,0.0
categorical__PROJECT_EN_Luma22,0.0
categorical__PROJECT_EN_Luma21,0.0
categorical__PROJECT_EN_Living Garden II,0.0
categorical__PROJECT_EN_Laya Residences,0.0
categorical__PROJECT_EN_Laya Mansion,0.0
categorical__PROJECT_EN_Lagoon Views at District One,0.0
categorical__PROJECT_EN_La-Riviera Apartments,0.0
categorical__PROJECT_EN_La Vie,0.0
categorical__PROJECT_EN_LYNX,0.0
categorical__PROJECT_EN_LUMINA VISTA RESIDENCES,0.0
categorical__PROJECT_EN_LUCKY RESIDENCE,0.0
categorical__PROJECT_EN_LOLENA,0.0
categorical__PROJECT_EN_LOCI Residences,0.0
categorical__PROJECT_EN_LIVING LEGENDS PHASE 5,0.0
categorical__PROJECT_EN_LIVA,0.0
categorical__PROJECT_EN_LIV RESIDENCE,0.0
categorical__PROJECT_EN_BINGHATTI VIEWS,0.0
categorical__PROJECT_EN_BINGHATTI STARS,0.0
categorical__PROJECT_EN_BINGHATTI APARTMENTS,0.0
categorical__PROJECT_EN_BEVERLY BOULEVARD,0.0
categorical__PROJECT_EN_BERMUDA VIEWS,0.0
categorical__PROJECT_EN_BERKELEY PLACE,0.0
categorical__PROJECT_EN_BELGRAVIA III,0.0
categorical__PROJECT_EN_BELGRAVIA HEIGHTS II,0.0
categorical__PROJECT_EN_BELGRAVIA HEIGHTS I,0.0
categorical__PROJECT_EN_BELGRAVIA,0.0
categorical__PROJECT_EN_BEACH ISLE,0.0
categorical__PROJECT_EN_MAG 318,0.0
categorical__PROJECT_EN_MADISON RESIDENCY,0.0
categorical__PROJECT_EN_MADISON RESIDENCE,0.0
categorical__PROJECT_EN_Luxury Family Residence II,0.0
categorical__PROJECT_EN_BAYSIDE RESIDENCE,0.0
categorical__PROJECT_EN_BAY'S EDGE,0.0
categorical__PROJECT_EN_BALQIS RESIDENCE,0.0
categorical__PROJECT_EN_BADRA PHASE 1,0.0
categorical__PROJECT_EN_Azizi. Liatris,0.0
categorical__PROJECT_EN_Azizi. Iris,0.0
categorical__PROJECT_EN_Azizi Star Hotel Apartments,0.0
categorical__PROJECT_EN_Azizi Shaista Residence,0.0
categorical__PROJECT_EN_Azizi Samia Residence,0.0
categorical__PROJECT_EN_MARINASCAPE,0.0
categorical__PROJECT_EN_MARINA WHARF I,0.0
categorical__PROJECT_EN_MARINA ARCADE,0.0
categorical__PROJECT_EN_MARINA 101,0.0
categorical__PROJECT_EN_MANHATTAN,0.0
categorical__PROJECT_EN_MAJESTINE,0.0
categorical__PROJECT_EN_MAG EYE Phase 1,0.0
categorical__PROJECT_EN_MYKA Residence,0.0
categorical__PROJECT_EN_MURANO RESIDENCE 1,0.0
categorical__PROJECT_EN_MURABA RESIDENCES PALM JUMERIAH,0.0
categorical__PROJECT_EN_MULBERRY at PARK HEIGHTS,0.0
categorical__PROJECT_EN_MONTROSE,0.0
categorical__PROJECT_EN_MODELUX TOWER 1,0.0
categorical__PROJECT_EN_MIRDIF HILLS- NASAYEM AVENUE,0.0
categorical__PROJECT_EN_MIRDIF HILLS- AL MULTAQA AVENUE,0.0
categorical__PROJECT_EN_MIDTOWN - MESK,0.0
categorical__PROJECT_EN_METRO CENTRAL,0.0
categorical__PROJECT_EN_MERANO TOWER,0.0
categorical__PROJECT_EN_MAYFAIR TOWER,0.0
categorical__PROJECT_EN_MAYFAIR RESIDENCY,0.0
categorical__PROJECT_EN_MAY RESIDENCE,0.0
categorical__PROJECT_EN_MASAAR RESIDENCES,0.0
categorical__PROJECT_EN_MAS TOWER,0.0
"categorical__PROJECT_EN_Mohammed Bin Rashid Al Maktoum City , District One Phase III  , Residences 23",0.0
"categorical__PROJECT_EN_Mohammed Bin Rashid Al Maktoum City , District One Phase III  , Residences 22",0.0
"categorical__PROJECT_EN_Mohammed Bin Rashid Al Maktoum City , District One Phase III  , Residences 18",0.0
"categorical__PROJECT_EN_Mohammed Bin Rashid Al Maktoum City , District One Phase III  , Residences 11",0.0
categorical__PROJECT_EN_Millennium Binghatti Residences Business Bay,0.0
categorical__PROJECT_EN_Milestone Residences,0.0
categorical__PROJECT_EN_Milano Giovanni Boutique Suites,0.0
categorical__PROJECT_EN_Mayas Geneva,0.0
categorical__PROJECT_EN_Maya Residences 5,0.0
categorical__PROJECT_EN_Mass Residence,0.0
categorical__PROJECT_EN_Marwa Heights,0.0
categorical__PROJECT_EN_Marquis Galleria,0.0
categorical__PROJECT_EN_Marina Living,0.0
categorical__PROJECT_EN_Maria Tower,0.0
categorical__PROJECT_EN_Manam Prime,0.0
categorical__PROJECT_EN_Azizi Riviera 40,0.0
categorical__PROJECT_EN_Azizi Riviera 4,0.0
"categorical__PROJECT_EN_NO.1, NO.2A, NO.2B, NO.3A AND 3B CITYWALK RESIDENTIAL",0.0
"categorical__PROJECT_EN_NO. 4A, NO.4B, NO.5 CITYWALK RESIDENTIAL",0.0
categorical__PROJECT_EN_NILOOFAR,0.0
categorical__PROJECT_EN_NEW DUBAI GATE2,0.0
categorical__PROJECT_EN_NEVA RESIDENCES,0.0
categorical__PROJECT_EN_NB RESIDENCES,0.0
categorical__PROJECT_EN_Mudon Views,0.0
categorical__PROJECT_EN_Montrell Hotel Aprtments,0.0
"categorical__PROJECT_EN_Mohammed Bin Rashid Al Maktoum City , District One Phase III  , Residences12",0.0
"categorical__PROJECT_EN_Mohammed Bin Rashid Al Maktoum City , District One Phase III  , Residences 7",0.0
"categorical__PROJECT_EN_Mohammed Bin Rashid Al Maktoum City , District One Phase III  , Residences 3",0.0
"categorical__PROJECT_EN_Mohammed Bin Rashid Al Maktoum City , District One Phase III  , Residences 28",0.0
categorical__PROJECT_EN_NOORA RESIDENCE 1,0.0
"categorical__PROJECT_EN_NO.20, NO.21A, NO.21B AND NO.22 CITYWALK RESIDENTIAL",0.0
categorical__PROJECT_EN_NO.15 & NO.16 CITYWALK RESIDENTIAL,0.0
categorical__PROJECT_EN_Azizi Riviera 9,0.0
categorical__PROJECT_EN_Azizi Riviera 8,0.0
categorical__PROJECT_EN_Azizi Riviera 7,0.0
categorical__PROJECT_EN_Azizi Riviera 59,0.0
categorical__PROJECT_EN_Azizi Riviera 55,0.0
categorical__PROJECT_EN_Azizi Riviera 5,0.0
categorical__PROJECT_EN_Azizi Riviera 48,0.0
categorical__PROJECT_EN_Azizi Riviera 47,0.0
categorical__PROJECT_EN_Azizi Riviera 46,0.0
categorical__PROJECT_EN_Azizi Riviera 45,0.0
categorical__PROJECT_EN_Azizi Riviera 43,0.0
categorical__PROJECT_EN_Azizi Riviera 42,0.0
categorical__PROJECT_EN_Azizi Riviera 41,0.0
categorical__PROJECT_EN_ONE BUSINESS BAY,0.0
categorical__PROJECT_EN_OLYMPIC PARK 4,0.0
categorical__PROJECT_EN_OLYMPIC PARK 3,0.0
categorical__PROJECT_EN_OLYMPIC PARK 2,0.0
categorical__PROJECT_EN_OLYMPIC PARK 1,0.0
categorical__PROJECT_EN_OCEANA HOTEL AND APARTMENTS,0.0
categorical__PROJECT_EN_OCEAN HEIGHTS,0.0
categorical__PROJECT_EN_OASIS TOWER ONE,0.0
categorical__PROJECT_EN_OASIS STAR,0.0
categorical__PROJECT_EN_OASIS HIGH PARK,0.0
categorical__PROJECT_EN_OAKWOOD RESIDENCY,0.0
categorical__PROJECT_EN_O10,0.0
categorical__PROJECT_EN_O 2,0.0
categorical__PROJECT_EN_Nicholas Residence,0.0
categorical__PROJECT_EN_Nadine Residences 2,0.0
categorical__PROJECT_EN_Nadine Residences,0.0
categorical__PROJECT_EN_Azizi Riviera 33,0.0
categorical__PROJECT_EN_Azizi Riviera 32,0.0
categorical__PROJECT_EN_Azizi Riviera 31,0.0
categorical__PROJECT_EN_Azizi Riviera 30,0.0
categorical__PROJECT_EN_Azizi Riviera 3,0.0
categorical__PROJECT_EN_Azizi Riviera 29,0.0
categorical__PROJECT_EN_Azizi Riviera 28,0.0
categorical__PROJECT_EN_Azizi Riviera 27,0.0
categorical__PROJECT_EN_Azizi Riviera 26,0.0
categorical__PROJECT_EN_Azizi Riviera 25,0.0
categorical__PROJECT_EN_Azizi Riviera 24,0.0
categorical__PROJECT_EN_OXFORD RESIDENCE 2,0.0
categorical__PROJECT_EN_OXFORD BOULEVARD,0.0
categorical__PROJECT_EN_ORRA MARINA,0.0
categorical__PROJECT_EN_ORION BUILDING,0.0
categorical__PROJECT_EN_OPAL TOWER,0.0
categorical__PROJECT_EN_PARK VIEW TOWER,0.0
categorical__PROJECT_EN_PARK ONE,0.0
categorical__PROJECT_EN_PARK LANE BY HEILBRONN,0.0
categorical__PROJECT_EN_PARK LANE 2 BY HEILBRONN,0.0
categorical__PROJECT_EN_PARAMOUNT TOWER HOTEL & RESIDENCES,0.0
categorical__PROJECT_EN_PANTHEON ELYSEE,0.0
categorical__PROJECT_EN_PANORAMA,0.0
categorical__PROJECT_EN_PALLADIUM,0.0
categorical__PROJECT_EN_Oxford Terraces,0.0
categorical__PROJECT_EN_Oxford Gardens,0.0
categorical__PROJECT_EN_Opalz By Danube,0.0
categorical__PROJECT_EN_Olivz Residence,0.0
categorical__PROJECT_EN_OXFORD TERRACES 2,0.0
categorical__PROJECT_EN_Azizi Riviera 38,0.0
categorical__PROJECT_EN_Azizi Riviera 36,0.0
categorical__PROJECT_EN_Azizi Riviera 35,0.0
categorical__PROJECT_EN_PROFILE RESIDENCE,0.0
categorical__PROJECT_EN_PRIME TOWER,0.0
categorical__PROJECT_EN_PRIME RESIDENCY2,0.0
categorical__PROJECT_EN_PRIME RESIDENCY1,0.0
categorical__PROJECT_EN_PRIME BUSINESS CENTER,0.0
categorical__PROJECT_EN_PLAZZO RESIDENCE,0.0
categorical__PROJECT_EN_PLAZA RESIDENCES,0.0
categorical__PROJECT_EN_PLATINUM TOWER,0.0
categorical__PROJECT_EN_PLATINUM RESIDENCE 2,0.0
categorical__PROJECT_EN_PLATINUM RESIDENCE 1,0.0
categorical__PROJECT_EN_PLATINUM RESIDENCE,0.0
categorical__PROJECT_EN_PLATINUM 1,0.0
categorical__PROJECT_EN_PG UPPERHOUSE,0.0
categorical__PROJECT_EN_PG ONE AT AL FURJAN,0.0
categorical__PROJECT_EN_PEARLZ by Danube,0.0
categorical__PROJECT_EN_PARK VILLA'S 3,0.0
categorical__PROJECT_EN_Azizi Riviera 23,0.0
categorical__PROJECT_EN_Azizi Riviera 22,0.0
categorical__PROJECT_EN_Azizi Riviera 21,0.0
categorical__PROJECT_EN_Azizi Riviera 20,0.0
categorical__PROJECT_EN_Azizi Riviera 2,0.0
categorical__PROJECT_EN_Azizi Riviera 19,0.0
categorical__PROJECT_EN_Azizi Riviera 18,0.0
categorical__PROJECT_EN_Azizi Riviera 17,0.0
categorical__PROJECT_EN_Azizi Riviera 16,0.0
categorical__PROJECT_EN_Azizi Riviera 15,0.0
categorical__PROJECT_EN_Azizi Riviera 13,0.0
categorical__PROJECT_EN_Azizi Riviera 12,0.0
categorical__PROJECT_EN_Azizi Riviera 11,0.0
categorical__PROJECT_EN_Azizi Riviera 10,0.0
categorical__PROJECT_EN_Azizi Riviera 1,0.0
categorical__PROJECT_EN_PULSE SMART RESIDENCE,0.0
categorical__PROJECT_EN_Prime Residency 3,0.0
categorical__PROJECT_EN_Prime Gardens,0.0
categorical__PROJECT_EN_Port de La Mer - Le Pont,0.0
categorical__PROJECT_EN_Port de La Mer - La Cote,0.0
categorical__PROJECT_EN_Port De La Mer - La Voile,0.0
categorical__PROJECT_EN_Port De La Mer - La Sirene 2,0.0
categorical__PROJECT_EN_Port De La Mer - La Sirene,0.0
categorical__PROJECT_EN_Petalz By Danube,0.0
categorical__PROJECT_EN_Peninsula Two,0.0
categorical__PROJECT_EN_Pearl House III by Imtiaz,0.0
categorical__PROJECT_EN_Pearl House II By Imtiaz,0.0
categorical__PROJECT_EN_Pearl House I by Imtiaz,0.0
categorical__PROJECT_EN_Park ville 07,0.0
categorical__PROJECT_EN_Park Gate Residences,0.0
categorical__PROJECT_EN_Paradise View 1,0.0
categorical__PROJECT_EN_XL TOWER,0.0
categorical__PROJECT_EN_QPOINT LIWAN-PLOT R048,0.0
categorical__PROJECT_EN_QPOINT LIWAN-PLOT R047,0.0
categorical__PROJECT_EN_QPOINT LIWAN-PLOT R046,0.0
categorical__PROJECT_EN_QPOINT LIWAN-PLOT R022,0.0
categorical__PROJECT_EN_QPOINT LIWAN-PLOT R020,0.0
categorical__PROJECT_EN_QPOINT LIWAN-PLOT R017,0.0
categorical__PROJECT_EN_QPOINT LIWAN-PLOT R016,0.0
categorical__PROJECT_EN_QPOINT LIWAN-PLOT R015,0.0
categorical__PROJECT_EN_QPOINT LIWAN-PLOT R009,0.0
categorical__PROJECT_EN_QPOINT LIWAN-PLOT R008 A&B,0.0
categorical__PROJECT_EN_QPOINT LIWAN- R093,0.0
categorical__PROJECT_EN_QPOINT LIWAN - PLOT R003,0.0
categorical__PROJECT_EN_QPOINT LIWAN - PLOT R002,0.0
categorical__PROJECT_EN_Q Gardens Boutique Residences,0.0
categorical__PROJECT_EN_Prive Residence,0.0
categorical__PROJECT_EN_Prime Views,0.0
categorical__PROJECT_EN_QPOINT LIWAN-R019,0.0
categorical__PROJECT_EN_QPOINT LIWAN-PLOTR001,0.0
categorical__PROJECT_EN_QPOINT LIWAN-PLOT R099,0.0
categorical__PROJECT_EN_QPOINT LIWAN-PLOT R098,0.0
categorical__PROJECT_EN_QPOINT LIWAN-PLOT R097,0.0
categorical__PROJECT_EN_QPOINT LIWAN-PLOT R095,0.0
categorical__PROJECT_EN_QPOINT LIWAN-PLOT R094,0.0
categorical__PROJECT_EN_QPOINT LIWAN-PLOT R092,0.0
categorical__PROJECT_EN_QPOINT LIWAN-PLOT R072,0.0
categorical__PROJECT_EN_QPOINT LIWAN-PLOT R071,0.0
categorical__PROJECT_EN_QPOINT LIWAN-PLOT R070,0.0
categorical__PROJECT_EN_QPOINT LIWAN-PLOT R069,0.0
categorical__PROJECT_EN_QPOINT LIWAN-PLOT R055,0.0
categorical__PROJECT_EN_QPOINT LIWAN-PLOT R053,0.0
categorical__PROJECT_EN_QPOINT LIWAN-PLOT R052,0.0
categorical__PROJECT_EN_QPOINT LIWAN-PLOT R051,0.0
categorical__PROJECT_EN_RAWDA APARTMENTS,0.0
categorical__PROJECT_EN_RASHA 2,0.0
categorical__PROJECT_EN_RA1N Residence,0.0
categorical__PROJECT_EN_Azizi Plaza Hotel Apartments,0.0
categorical__PROJECT_EN_Azizi Pearl,0.0
categorical__PROJECT_EN_Azizi Park Avenue,0.0
categorical__PROJECT_EN_Azizi Greenfield,0.0
categorical__PROJECT_EN_Azizi Gardens,0.0
categorical__PROJECT_EN_Azizi Berton,0.0
categorical__PROJECT_EN_Azizi Aura Residences,0.0
categorical__PROJECT_EN_Azizi  Riviera 34,0.0
categorical__PROJECT_EN_Avenue Residence 2,0.0
categorical__PROJECT_EN_Avelon Boulevard,0.0
categorical__PROJECT_EN_Ashton Park Residences,0.0
categorical__PROJECT_EN_Asayel at Madinat Jumeirah Living,0.0
categorical__PROJECT_EN_Qline (Qpoint phase II) R010,0.0
categorical__PROJECT_EN_Regent Court,0.0
categorical__PROJECT_EN_RUKAN,0.0
categorical__PROJECT_EN_RUFI GARDENS,0.0
categorical__PROJECT_EN_RUBY RESIDENCE,0.0
categorical__PROJECT_EN_RP HEIGHTS,0.0
categorical__PROJECT_EN_ROYALE RESIDENCE2,0.0
categorical__PROJECT_EN_ROYAL BAY,0.0
categorical__PROJECT_EN_Westwood Grande by Imtiaz,0.0
categorical__PROJECT_EN_ROXANA RESIDENCE,0.0
categorical__PROJECT_EN_RITZ RESIDENCE,0.0
categorical__PROJECT_EN_Westwood Grande II By Imtiaz,0.0
categorical__PROJECT_EN_RIAH TOWERS,0.0
categorical__PROJECT_EN_REMRAAM,0.0
categorical__PROJECT_EN_REGINA,0.0
categorical__PROJECT_EN_REEF TOWER,0.0
categorical__PROJECT_EN_RED RESIDENCE,0.0
categorical__PROJECT_EN_SEASONS COMMUNITY- AUTUMN,0.0
categorical__PROJECT_EN_SCALA TOWER,0.0
categorical__PROJECT_EN_SAPPHIRE RESIDENCE,0.0
categorical__PROJECT_EN_SAMANA PARK VIEWS,0.0
categorical__PROJECT_EN_SAMANA GOLF AVENUE,0.0
categorical__PROJECT_EN_SAFEER TOWER 2,0.0
categorical__PROJECT_EN_SAFEER TOWER 1,0.0
categorical__PROJECT_EN_SABA TOWER 1,0.0
categorical__PROJECT_EN_S.P OASIS,0.0
categorical__PROJECT_EN_Rukan Residence,0.0
categorical__PROJECT_EN_Roy Mediterranean Hotel Apartments,0.0
categorical__PROJECT_EN_Rove City Walk,0.0
categorical__PROJECT_EN_Riva Residence,0.0
categorical__PROJECT_EN_Rise Residences,0.0
categorical__PROJECT_EN_Rigel,0.0
categorical__PROJECT_EN_Remraam - Al Ramth,0.0
categorical__PROJECT_EN_SEVANAM CROWN,0.0
categorical__PROJECT_EN_SERENITY LAKES 5,0.0
categorical__PROJECT_EN_SERENIA RESIDENCES THE PALM,0.0
categorical__PROJECT_EN_SERENIA LIVING,0.0
categorical__PROJECT_EN_Arista One,0.0
categorical__PROJECT_EN_Alexis Tower,0.0
categorical__PROJECT_EN_Al Jazi - Madinat Jumeriah Living,0.0
categorical__PROJECT_EN_Al Haseen Residence,0.0
categorical__PROJECT_EN_Al Fouad,0.0
categorical__PROJECT_EN_Adhara Star,0.0
categorical__PROJECT_EN_AZURE RESIDENCE,0.0
categorical__PROJECT_EN_AZIZI. YASAMINE,0.0
categorical__PROJECT_EN_AZIZI. ORCHID,0.0
categorical__PROJECT_EN_AZIZI. FREESIA,0.0
categorical__PROJECT_EN_AZIZI. FEIROUZ,0.0
categorical__PROJECT_EN_AZIZI. DAISY,0.0
categorical__PROJECT_EN_AYKON CITY 2,0.0
categorical__PROJECT_EN_AXIS RESIDENCES 8,0.0
categorical__PROJECT_EN_AXIS RESIDENCES 6,0.0
categorical__PROJECT_EN_AXIS RESIDENCES 4,0.0
categorical__PROJECT_EN_AXIS RESIDENCES 3,0.0
categorical__PROJECT_EN_AXIS RESIDENCES 2,0.0
categorical__PROJECT_EN_SILICON HEIGHTS2,0.0
categorical__PROJECT_EN_SILICON HEIGHTS,0.0
categorical__PROJECT_EN_SILICON GATES 4,0.0
categorical__PROJECT_EN_SILICON GATE 3,0.0
categorical__PROJECT_EN_SILICON GATE 1,0.0
categorical__PROJECT_EN_SILICON BOULEVARD,0.0
categorical__PROJECT_EN_SILICON AVENUE,0.0
categorical__PROJECT_EN_SHERENA RESIDENCE,0.0
categorical__PROJECT_EN_SHAMAL WAVES,0.0
categorical__PROJECT_EN_SHAMAL RESIDENCES 2,0.0
categorical__PROJECT_EN_STONEHENGE RESIDENCES 2,0.0
categorical__PROJECT_EN_STONEHENGE RESIDENCES,0.0
categorical__PROJECT_EN_STARZ TOWER by DANUBE,0.0
categorical__PROJECT_EN_STADIUM POINT,0.0
categorical__PROJECT_EN_SPICA,0.0
categorical__PROJECT_EN_SOLITAIRE CASCADES,0.0
categorical__PROJECT_EN_SOBHA IVORY - II,0.0
categorical__PROJECT_EN_SOBHA HARTLAND GREENS PHASE II,0.0
categorical__PROJECT_EN_SOBHA DAFFODIL,0.0
categorical__PROJECT_EN_Westwood By Imtiaz,0.0
categorical__PROJECT_EN_SIROYA GARDENS,0.0
categorical__PROJECT_EN_SIRAJ TOWER,0.0
categorical__PROJECT_EN_AZIZI RIVIERA 65,0.0
categorical__PROJECT_EN_AZIZI RIVIERA 63,0.0
categorical__PROJECT_EN_Welcome Residency,0.0
categorical__PROJECT_EN_AZIZI AMBER,0.0
categorical__PROJECT_EN_Samana Green,0.0
categorical__PROJECT_EN_SYANN PARK1,0.0
categorical__PROJECT_EN_AVENUE RESIDENCE 5,0.0
categorical__PROJECT_EN_AVENUE RESIDENCE 4,0.0
categorical__PROJECT_EN_AVANTI TOWER,0.0
categorical__PROJECT_EN_AVANOS,0.0
categorical__PROJECT_EN_AURA ELEGANCE,0.0
categorical__PROJECT_EN_ASTORIA RESIDNECE,0.0
categorical__PROJECT_EN_ASCOT RESIDENCES,0.0
categorical__PROJECT_EN_ARIA,0.0
categorical__PROJECT_EN_ARENA APARTMENTS,0.0
categorical__PROJECT_EN_ARAS Residence,0.0
categorical__PROJECT_EN_SUNRISE LEGEND,0.0
categorical__PROJECT_EN_SUNRISE BAY,0.0
categorical__PROJECT_EN_SUNCITY HOMES,0.0
categorical__PROJECT_EN_SUN POINT DUBAI,0.0
categorical__PROJECT_EN_AL SEEF II,0.0
categorical__PROJECT_EN_THE ADDRESS - THE BLVD,0.0
categorical__PROJECT_EN_THE 8,0.0
categorical__PROJECT_EN_THE 118,0.0
categorical__PROJECT_EN_TFG MARINA,0.0
categorical__PROJECT_EN_TERRACES MARASI DRIVE,0.0
categorical__PROJECT_EN_Symbolic Alpha,0.0
categorical__PROJECT_EN_Sunridge,0.0
categorical__PROJECT_EN_Socio,0.0
categorical__PROJECT_EN_Sobha Hartland One Park Avenue,0.0
categorical__PROJECT_EN_Sobha Hartland - The Crest,0.0
categorical__PROJECT_EN_Sobha Hartland - Crest Grande,0.0
categorical__PROJECT_EN_Sobha Creek Vistas Grande,0.0
categorical__PROJECT_EN_Silver Park Residency,0.0
categorical__PROJECT_EN_Selicon Star 2,0.0
categorical__PROJECT_EN_Seagate,0.0
categorical__PROJECT_EN_THE DUBAI CREEK RESIDENCES,0.0
categorical__PROJECT_EN_THE DIPLOMAT RESIDENCES,0.0
categorical__PROJECT_EN_THE DIAMOND,0.0
categorical__PROJECT_EN_THE COURT,0.0
categorical__PROJECT_EN_THE ATRIA,0.0
categorical__PROJECT_EN_ARAS HEIGHTS,0.0
categorical__PROJECT_EN_AMALIA RESIDENCES,0.0
categorical__PROJECT_EN_ALandalus Building D,0.0
categorical__PROJECT_EN_ALTIA RESIDENCE,0.0
categorical__PROJECT_EN_ALSHERA TOWER,0.0
categorical__PROJECT_EN_ALSEEF I,0.0
categorical__PROJECT_EN_ALEF NOON RESIDENCE,0.0
categorical__PROJECT_EN_ALCOVE,0.0
categorical__PROJECT_EN_ALANDALUS BUILDING E,0.0
categorical__PROJECT_EN_AL WALEED GARDEN 2,0.0
categorical__PROJECT_EN_AL SERH RESIDENCES 11 BY ASAK REAL ESTATE DEVELOPMENT,0.0
categorical__PROJECT_EN_THE HAVEN RESIDENCES,0.0
categorical__PROJECT_EN_THE GROVE BY IMAN,0.0
categorical__PROJECT_EN_THE EXCHANGE,0.0
categorical__PROJECT_EN_THE EAST CREST BY METEORA,0.0
categorical__PROJECT_EN_THE DUNES,0.0
categorical__PROJECT_EN_AL MAS TOWER,0.0
categorical__PROJECT_EN_AL MANARAH TOWER,0.0
categorical__PROJECT_EN_AL MANARA,0.0
categorical__PROJECT_EN_AL KHAIL HEIGHTS,0.0
categorical__PROJECT_EN_AL JAWZAA,0.0
categorical__PROJECT_EN_AL HELAL AL ZAHABY BUILDING,0.0
categorical__PROJECT_EN_AL HELAL AL ZAHABY 3,0.0
categorical__PROJECT_EN_AL HELAL AL ZAHABY  2,0.0
categorical__PROJECT_EN_AL FALAK RESIDENCE,0.0
categorical__PROJECT_EN_AJMAL SARAH,0.0
categorical__PROJECT_EN_ADDRESS HARBOUR POINT,0.0
categorical__NEAREST_METRO_EN_UAE Exchange Metro Station,0.0
categorical__NEAREST_METRO_EN_Knowledge Village,0.0
categorical__NEAREST_LANDMARK_EN_Dubai Parks and Resorts,0.0
categorical__PROJECT_EN_AB CAVALIER,0.0
categorical__PROJECT_EN_555 PARK VIEWS,0.0
categorical__PROJECT_EN_5242,0.0
categorical__PROJECT_EN_48 PARKSIDE,0.0
categorical__PROJECT_EN_23 MARINA,0.0
categorical__PROJECT_EN_2020 Marquis,0.0
categorical__PROJECT_EN_THE ONE JBR,0.0
categorical__PROJECT_EN_THE ONE,0.0
categorical__PROJECT_EN_THE MERTOPOLIS,0.0
categorical__PROJECT_EN_THE MEDALIST,0.0
categorical__PROJECT_EN_THE LIGHT,0.0
categorical__PROJECT_EN_THE IVY,0.0
categorical__PROJECT_EN_THE HEART OF EUROPE 2,0.0
categorical__PROJECT_EN_THE STERLING WEST HOUSE,0.0
categorical__PROJECT_EN_THE STERLING EAST HOUSE,0.0
categorical__PROJECT_EN_THE SPIRIT,0.0
categorical__NEAREST_METRO_EN_Al Rigga Metro Station,0.0
categorical__NEAREST_METRO_EN_Al Jafiliya Metro Station,0.0
categorical__NEAREST_METRO_EN_Al Ghubaiba Metro Station,0.0
categorical__PROJECT_EN_THE S TOWER,0.0
categorical__PROJECT_EN_THE RESIDENCE AT BUSINESS CENTRAL,0.0
categorical__PROJECT_EN_THE REGENT,0.0
categorical__PROJECT_EN_THE PULSE TOWNHOUSES,0.0
categorical__PROJECT_EN_THE PRISM,0.0
categorical__PROJECT_EN_THE POINT,0.0
categorical__PROJECT_EN_THE ONYX,0.0
categorical__NEAREST_METRO_EN_Emirates Metro Station,0.0
categorical__NEAREST_METRO_EN_ENERGY Metro Station,0.0
categorical__NEAREST_METRO_EN_Deira City Centre,0.0
categorical__PROJECT_EN_TRIDENT GRAND,0.0
categorical__PROJECT_EN_TRAFALGAR CENTRAL,0.0
categorical__PROJECT_EN_TOWN SQUARE ZAHRA,0.0
categorical__PROJECT_EN_TOWN SQUARE SAFI,0.0
categorical__PROJECT_EN_TOWN SQUARE JENNA AND WARDA,0.0
categorical__PROJECT_EN_TOWER 108,0.0
categorical__PROJECT_EN_TORINO BY ORO24,0.0
categorical__PROJECT_EN_TOPAZ RESIDENCES 3,0.0
categorical__PROJECT_EN_TOPAZ RESIDENCES 2,0.0
categorical__PROJECT_EN_TOPAZ RESIDENCES 1,0.0
categorical__PROJECT_EN_TIFFANY TOWERS,0.0
categorical__PROJECT_EN_TIARA RESIDENCE,0.0
categorical__PROJECT_EN_THE ZEN,0.0
categorical__PROJECT_EN_THE WINGS,0.0
categorical__PROJECT_EN_THE WATER FRONT,0.0
categorical__PROJECT_EN_THE V TOWER,0.0
categorical__PROJECT_EN_The Pulse Boulevard Apartments - C3,0.0
categorical__PROJECT_EN_The Pulse Boulevard Apartments,0.0
categorical__PROJECT_EN_The Paragon By IGO,0.0
categorical__PROJECT_EN_The Nook,0.0
categorical__PROJECT_EN_The Hills,0.0
categorical__PROJECT_EN_The Hamilton,0.0
categorical__PROJECT_EN_The Cove ll,0.0
categorical__PROCEDURE_EN_Delayed Sell Development,0.0
categorical__PROJECT_EN_The Community,0.0
categorical__PROJECT_EN_The Address Residence-Fountain Views,0.0
categorical__PROJECT_EN_The 50,0.0
categorical__PROJECT_EN_Taraf 2 Residence,0.0
categorical__PROJECT_EN_TWO TOWERS,0.0
categorical__PROJECT_EN_TUSCAN RESIDENCES1 - SIENA,0.0
categorical__PROJECT_EN_TUSCAN RESIDENCES1 - AREZZO,0.0
categorical__PROJECT_EN_TUSCAN RESIDENCE 1,0.0
categorical__PROJECT_EN_Time 1,0.0
categorical__PROJECT_EN_The Terraces,0.0
categorical__PROJECT_EN_The Roof Residence,0.0
categorical__PROJECT_EN_The Residences,0.0
categorical__PROJECT_EN_The Residence By Prestige One,0.0
categorical__PROP_SB_TYPE_EN_Workshop,0.0
categorical__PROP_SB_TYPE_EN_Warehouse,0.0
categorical__PROP_SB_TYPE_EN_Stacked Townhouses,0.0
categorical__PROP_SB_TYPE_EN_Show Rooms,0.0
categorical__AREA_EN_Warsan First,0.0
categorical__AREA_EN_Wadi Al Safa 3,0.0
categorical__PROJECT_EN_The Pulse Residence Plaza,0.0
categorical__PROJECT_EN_The Pulse Residence Park,0.0
categorical__PROJECT_EN_The Pulse Residence Icon,0.0
categorical__PROJECT_EN_The Pulse Residence,0.0
categorical__PROJECT_EN_The Pulse Boulevard Apartments-C1,0.0
categorical__AREA_EN_Al Kifaf,0.0
categorical__PROJECT_EN_URBANA II,0.0
categorical__AREA_EN_THE WORLD,0.0
categorical__AREA_EN_SUFOUH GARDENS,0.0
categorical__AREA_EN_Rega Al Buteen,0.0
categorical__AREA_EN_Al Barshaa South Third,0.0
categorical__AREA_EN_Port Saeed,0.0
categorical__AREA_EN_PEARL JUMEIRA,0.0
categorical__AREA_EN_Nad Al Hamar,0.0
categorical__AREA_EN_NAD AL SHEBA GARDENS,0.0
categorical__AREA_EN_AL WAHA,0.0
categorical__PROJECT_EN_URBAN OASIS,0.0
categorical__PROJECT_EN_UNIESTATE SUPREME RESIDENCE,0.0
categorical__PROJECT_EN_UNIESTATE SPORTS TOWER,0.0
categorical__PROJECT_EN_UNA,0.0
categorical__PROJECT_EN_Tranquil Wellness Tower,0.0
categorical__PROJECT_EN_WEST WHAREF TOWER,0.0
categorical__PROJECT_EN_WEST FIVE BUSINESS BAY RESIDENCES,0.0
categorical__PROJECT_EN_WATER'S EDGE,0.0
categorical__PROJECT_EN_WAHA LIVING by AL YAKKA,0.0
categorical__PROJECT_EN_WADI TOWER,0.0
categorical__PROJECT_EN_Vista by Prestige One,0.0
categorical__AREA_EN_Al Merkadh,0.0
categorical__PROJECT_EN_joya verde residences dubai,0.0
categorical__PROJECT_EN_barari views,0.0
categorical__PROJECT_EN_Zazen Gardens,0.0
categorical__PROJECT_EN_ZUMURUD DUBAI MARINA,0.0
categorical__PROJECT_EN_ZENITH TOWER A2,0.0
categorical__PROJECT_EN_ZENITH TOWER A1,0.0
categorical__PROJECT_EN_ZADA TOWER,0.0
categorical__PROCEDURE_EN_Lease to Own on Development Registration,0.0
categorical__PROCEDURE_EN_Delayed Sell Lease to Own Registration,0.0
categorical__AREA_EN_DUBAI MARITIME CITY,0.0
categorical__AREA_EN_DUBAI INDUSTRIAL CITY,0.0
categorical__AREA_EN_Hadaeq Sheikh Mohammed Bin Rashid,0.0
categorical__AREA_EN_EMIRATE LIVING,0.0
categorical__AREA_EN_DUBAI WATER FRONT,0.0
categorical__AREA_EN_Madinat Dubai Almelaheyah,0.0
categorical__AREA_EN_MUDON,0.0
categorical__AREA_EN_MBR DISTRICT 7,0.0
categorical__AREA_EN_LA MER,0.0
categorical__PROJECT_EN_VINCITORE PALACIO,0.0
categorical__PROJECT_EN_VILLA MYRA,0.0
categorical__PROJECT_EN_VICTORIA RESIDENCY,0.0
categorical__PROJECT_EN_VICEROY HOTEL RESORTS RESIDENCES,0.0
categorical__PROJECT_EN_VERA TOWER,0.0
categorical__PROJECT_EN_V3,0.0
categorical__PROJECT_EN_V2,0.0
